{"cameraMode":{"drawMode":0,"name":"Shaded","section":"Shading Mode"},"sceneLighting":true,"audioPlay":false,"sceneViewState":{"m_AlwaysRefresh":false,"showFog":true,"showSkybox":true,"showFlares":true,"showImageEffects":true,"showParticleSystems":true,"showVisualEffectGraphs":true,"m_FxEnabled":true},"in2DMode":false,"pivot":{"x":469.52313232421877,"y":326.7621154785156,"z":-102.50486755371094},"rotation":{"x":-0.04939506575465202,"y":0.0583951473236084,"z":0.002892920048907399,"w":0.9970665574073792},"size":402.4158020019531,"orthographic":true}